"distance","cab_type","time_stamp","destination","source","price","surge_multiplier","id","product_id","name"
"0.44","Lyft","1544952607890","North Station","Haymarket Square","5","1","424553bb-7174-41ea-aeb4-fe06d4f4b9d7","lyft_line","Shared"
"0.44","Lyft","1543284023677","North Station","Haymarket Square","11","1","4bd23055-6827-41c6-b23b-3c491f24e74d","lyft_premier","Lux"
"0.44","Lyft","1543366822198","North Station","Haymarket Square","7","1","981a3613-77af-4620-a42a-0c0866077d1e","lyft","Lyft"
"0.44","Lyft","1543553582749","North Station","Haymarket Square","26","1","c2d88af2-d278-4bfd-a8d0-29ca77cc5512","lyft_luxsuv","Lux Black XL"
"0.44","Lyft","1543463360223","North Station","Haymarket Square","9","1","e0126e1f-8ca9-4f2e-82b3-50505a09db9a","lyft_plus","Lyft XL"
"0.44","Lyft","1545071112138","North Station","Haymarket Square","16.5","1","f6f6d7e4-3e18-4922-a5f5-181cdd3fa6f2","lyft_lux","Lux Black"
"1.08","Lyft","1543208580200","Northeastern University","Back Bay","10.5","1","462816a3-820d-408b-8549-0b39e82f65ac","lyft_plus","Lyft XL"
"1.08","Lyft","1543780384677","Northeastern University","Back Bay","16.5","1","474d6376-bc59-4ec9-bf57-4e6d6faeb165","lyft_lux","Lux Black"
"1.08","Lyft","1543818482645","Northeastern University","Back Bay","3","1","4f9fee41-fde3-4767-bbf1-a00e108701fb","lyft_line","Shared"
"1.08","Lyft","1543315522249","Northeastern University","Back Bay","27.5","1","8612d909-98b8-4454-a093-30bd48de0cb3","lyft_luxsuv","Lux Black XL"
"1.08","Lyft","1543594383882","Northeastern University","Back Bay","13.5","1","9043bf77-1d45-4a93-9520-a083e0277f16","lyft_premier","Lux"
"1.08","Lyft","1543432987778","Northeastern University","Back Bay","7","1","d859ec69-b3ff-4af8-9abd-441e31430c94","lyft","Lyft"
"0.72","Lyft","1544940911553","Haymarket Square","North Station","11","1","18d580ac-c91a-4b6d-aa75-ab62566f713e","lyft_plus","Lyft XL"
"0.72","Lyft","1543346302541","Haymarket Square","North Station","16.5","1","3ef5c509-f292-42ef-b39c-bce7059006a0","lyft_lux","Lux Black"
"0.72","Lyft","1545132905654","Haymarket Square","North Station","7","1","5ef44fdf-c5d3-4d07-967a-a8710e537e74","lyft","Lyft"
"0.72","Lyft","1543544884042","Haymarket Square","North Station","3.5","1","a7c1afce-9781-41c9-b6a6-df109ad43ccd","lyft_line","Shared"
"0.72","Lyft","1544978406463","Haymarket Square","North Station","26","1","d0782aae-4cfa-45df-b6e4-e300b09c2563","lyft_luxsuv","Lux Black XL"
"0.72","Lyft","1543218371798","Haymarket Square","North Station","13.5","1","f4f03d2d-434b-41f3-935a-c29e3f2de8bd","lyft_premier","Lux"
"3.24","Lyft","1543289422292","Northeastern University","North Station","3.5","1","00dd58fc-fa9e-4eeb-bb6e-dfeb94611e85","lyft_line","Shared"
"3.24","Lyft","1543774987499","Northeastern University","North Station","11","1","174b960d-58f1-4dfd-8672-8b43f13726a7","lyft","Lyft"
"3.24","Lyft","1544816705598","Northeastern University","North Station","19.5","1","1d34b421-4ee7-4ec5-bba5-265f43b91a4e","lyft_premier","Lux"
"3.24","Lyft","1543743182105","Northeastern University","North Station","26","1","72fb8672-a823-447e-ae15-fd51aef9db66","lyft_lux","Lux Black"
"3.24","Lyft","1544747410816","Northeastern University","North Station","16.5","1","e61386a3-b205-49b4-b064-990b124ecfa2","lyft_plus","Lyft XL"
"1.76","Lyft","1543400227398","South Station","North Station","5","1","0c26c153-a58d-419d-b557-37cfad67585c","lyft_line","Shared"
"1.76","Lyft","1544963414097","South Station","North Station","9","1","104ced5c-1c1b-4021-94bb-b21af453399a","lyft","Lyft"
"1.76","Lyft","1544920811287","South Station","North Station","16.5","1","1cf8a0a5-d871-41ba-91c7-53658851501e","lyft_premier","Lux"
"1.76","Lyft","1544883309320","South Station","North Station","26","1","5e990c7a-8f5c-4583-812c-b6200dd018f6","lyft_luxsuv","Lux Black XL"
"1.76","Lyft","1543312822029","South Station","North Station","13.5","1","bd1d5b1a-ed7f-4fc8-8fd1-9236a5de403e","lyft_plus","Lyft XL"
"1.76","Lyft","1543421288000","South Station","North Station","19.5","1","c7a2284b-2f7b-49a8-8d5b-90e1ebe18a1f","lyft_lux","Lux Black"
"0.71","Lyft","1543666982457","West End","Haymarket Square","7","1","2e0059db-945e-4615-9f87-46b8966d62f2","lyft","Lyft"
"0.71","Lyft","1543243090567","West End","Haymarket Square","9","1","77667337-1484-497d-a0d2-2844126c2517","lyft_plus","Lyft XL"
"0.71","Lyft","1543718284659","West End","Haymarket Square","10.5","1","c03b25ba-1d74-4522-8f3b-feb4bebcb4c7","lyft_premier","Lux"
"0.71","Lyft","1543514583808","West End","Haymarket Square","3","1","fa00bcf3-78f7-4b62-b133-c3190a85edab","lyft_line","Shared"
"1.23","Lyft","1543823577493","Theatre District","Haymarket Square","5","1","33d90ba7-60f5-4da1-afc3-39d4d038f7ec","lyft_line","Shared"
"1.23","Lyft","1543236069468","Theatre District","Haymarket Square","13.5","1","6c936f6d-c587-49ae-bb39-5aeb54eff756","lyft_premier","Lux"
"1.23","Lyft","1543807082043","Theatre District","Haymarket Square","11","1","8b905a5a-c626-42a6-b23b-eae7c7b689a3","lyft_plus","Lyft XL"
"1.23","Lyft","1543446220644","Theatre District","Haymarket Square","26","1","c8c093f0-960b-4668-b1f6-1e42dcf6bd6b","lyft_luxsuv","Lux Black XL"
"1.23","Lyft","1543282941895","Theatre District","Haymarket Square","16.5","1","ee029d73-c9ad-463d-a15e-ba20fac8c292","lyft_lux","Lux Black"
"1.23","Lyft","1543852985839","Theatre District","Haymarket Square","7","1","f76a05b7-60a7-4df5-94b9-de16881691ca","lyft","Lyft"
"1.16","Lyft","1543831981297","Beacon Hill","Haymarket Square","7","1","09740fbe-a03b-48df-a25a-6a01d4fc30e7","lyft","Lyft"
"1.16","Lyft","1543820582501","Beacon Hill","Haymarket Square","13.5","1","2ff1a200-7c68-4813-9141-af7eeb93b37d","lyft_plus","Lyft XL"
"1.16","Lyft","1543603386099","Beacon Hill","Haymarket Square","26","1","395294c8-4b2b-4cde-aaf9-3ac478cfddc3","lyft_luxsuv","Lux Black XL"
"1.16","Lyft","1543786383705","Beacon Hill","Haymarket Square","13.5","1","59481bfd-d72d-4d6d-af73-8006fc872948","lyft_premier","Lux"
"1.16","Lyft","1545036606996","Beacon Hill","Haymarket Square","5","1","aa1f01a1-f54a-4978-b266-a14f877baad1","lyft_line","Shared"
"1.16","Lyft","1543410387439","Beacon Hill","Haymarket Square","16.5","1","b4d6e3a6-8fce-4863-9674-e3abb49c53db","lyft_lux","Lux Black"
"2.82","Lyft","1543542476058","West End","Fenway","22.5","1","60f7fd10-aa55-42a8-9b19-2f8bb457459b","lyft_lux","Lux Black"
"2.82","Lyft","1545134405195","West End","Fenway","16.5","1","7827cd75-7987-4f1b-a012-ab92c820c6c4","lyft_plus","Lyft XL"
"2.82","Lyft","1543398374702","West End","Fenway","10.5","1","ea5d697f-425a-421c-a680-20bc8b36384e","lyft","Lyft"
"2.82","Lyft","1543280961891","West End","Fenway","32.5","1","fbe5b6f4-7771-4fed-93d9-350febdc20c2","lyft_luxsuv","Lux Black XL"
"2.82","Lyft","1544982903563","West End","Fenway","19.5","1","fbe75666-8d95-404f-a2d2-56c1f94eb99a","lyft_premier","Lux"
"2.82","Lyft","1544685910496","West End","Fenway","7","1","ff49381b-9947-4a40-b100-ca58020e0dbe","lyft_line","Shared"
"1.75","Lyft","1543443221881","Haymarket Square","Theatre District","22.5","1","175688b5-eef3-411f-8240-9a1c350571fb","lyft_lux","Lux Black"
"1.75","Lyft","1543795980646","Haymarket Square","Theatre District","7","1","4e562e2e-a33b-4b23-8520-04993ae604c4","lyft_line","Shared"
"1.75","Lyft","1543487882810","Haymarket Square","Theatre District","13.5","1","70cdb7c1-c32f-472d-a3e4-08fb85fadce7","lyft_plus","Lyft XL"
"1.75","Lyft","1543783081168","Haymarket Square","Theatre District","16.5","1","7c77ccb6-4675-4924-a223-be3481568077","lyft_premier","Lux"
"1.75","Lyft","1544783703771","Haymarket Square","Theatre District","27.5","1","c5befa48-631f-4d99-b936-72b01743fe22","lyft_luxsuv","Lux Black XL"
"1.75","Lyft","1545078016001","Haymarket Square","Theatre District","9","1","e31be055-d8b8-4cfe-9387-7939258f2f72","lyft","Lyft"
"2.36","Lyft","1544898910112","Fenway","Beacon Hill","9","1","0b521d97-1529-4012-8e46-cb6fffd2751d","lyft","Lyft"
"2.36","Lyft","1543444719063","Fenway","Beacon Hill","30","1","12fa8f8a-9c69-43e0-b604-4206fd4df703","lyft_luxsuv","Lux Black XL"
"2.36","Lyft","1543428849389","Fenway","Beacon Hill","16.5","1","1aa04d78-8630-4f30-be6a-0bec07eeabd6","lyft_premier","Lux"
"2.36","Lyft","1543236429575","Fenway","Beacon Hill","13.5","1","6bbc0189-5faa-4e8e-9dd8-fb36d9848cab","lyft_plus","Lyft XL"
"2.36","Lyft","1544784303610","Fenway","Beacon Hill","22.5","1","7eca01e2-0c21-4336-9218-741b274d26a7","lyft_lux","Lux Black"
"2.36","Lyft","1543246690253","Fenway","Beacon Hill","7","1","a9847c3d-2766-4908-80e1-c96667268463","lyft_line","Shared"
"1.02","Lyft","1543320922386","North End","North Station","13.5","1","0dabfd02-5bf7-4cf0-94be-a10d1b3bba9a","lyft_premier","Lux"
"1.02","Lyft","1543275374692","North End","North Station","26","1","8f06de18-0c51-4021-a601-963d4d04ac5c","lyft_luxsuv","Lux Black XL"
"1.02","Lyft","1544678403606","North End","North Station","16.5","1","d0af528b-c6f7-4d83-a0b7-cd02eb17f880","lyft_lux","Lux Black"
"1.02","Lyft","1544972111793","North End","North Station","11","1","d2bac749-6eef-4325-9f28-de2db6c8449c","lyft_plus","Lyft XL"
"1.17","Lyft","1544701809288","Haymarket Square","Financial District","16.5","1","2012f0d4-7227-4bd1-9cb9-8555a0ec7b7f","lyft_lux","Lux Black"
"1.17","Lyft","1544853606131","Haymarket Square","Financial District","13.5","1","784dc2b4-b454-4f58-8865-043a1f2f9e4c","lyft_premier","Lux"
"1.17","Lyft","1543435147680","Haymarket Square","Financial District","5","1","83b8d4f4-516a-48ee-9c1c-6d358ba9e4b7","lyft_line","Shared"
"1.17","Lyft","1544968503617","Haymarket Square","Financial District","27.5","1","9e502957-dbc0-4296-af7e-fd01a295fffb","lyft_luxsuv","Lux Black XL"
"1.17","Lyft","1543584477278","Haymarket Square","Financial District","7","1","c4e49271-0f00-4743-a2c5-95ec39b83fde","lyft","Lyft"
"1.17","Lyft","1543286722302","Haymarket Square","Financial District","10.5","1","f91aa276-39be-4562-a9bb-d47a4caf9b27","lyft_plus","Lyft XL"
"1.4","Lyft","1543271170503","Fenway","Back Bay","7","1","2382ce6b-74f7-4879-b00b-80e2c995f779","lyft","Lyft"
"1.4","Lyft","1543323623851","Fenway","Back Bay","3","1","5cb71089-07a9-4ff9-9afb-54080d512da0","lyft_line","Shared"
"1.4","Lyft","1543752483283","Fenway","Back Bay","13.5","1","65a3dd83-4773-4172-93e2-2620dc42e92e","lyft_premier","Lux"
"1.4","Lyft","1544919913115","Fenway","Back Bay","16.5","1","9277e4fa-e696-415e-b2e0-94dfd395925d","lyft_lux","Lux Black"
"1.4","Lyft","1543730276358","Fenway","Back Bay","10.5","1","9799b1e2-f62a-45c9-8326-ccbba69994af","lyft_plus","Lyft XL"
"1.4","Lyft","1543672380001","Fenway","Back Bay","27.5","1","bac0c1d3-2bd0-4bd9-aabc-a18d1d5bf6bc","lyft_luxsuv","Lux Black XL"
"1.01","Lyft","1543458908886","North Station","North End","16.5","1","1a2cacd5-b9e8-4b2e-b27c-19e7144f10ee","lyft_lux","Lux Black"
"1.01","Lyft","1545132904042","North Station","North End","7","1","4d0ebe87-60d1-43ad-86e3-e06550857e1d","lyft","Lyft"
"1.01","Lyft","1545121505272","North Station","North End","5","1","6b5c1ecb-3216-445f-96f7-fc9694364a0a","lyft_line","Shared"
"1.01","Lyft","1543211401302","North Station","North End","13.5","1","8e5b8d23-f08a-4301-bfc4-26d624585214","lyft_premier","Lux"
"1.01","Lyft","1543350621536","North Station","North End","27.5","1","9afde07b-18e7-4889-94d7-1e15810d9b56","lyft_luxsuv","Lux Black XL"
"1.01","Lyft","1543687976411","North Station","North End","10.5","1","f8ab1b64-d303-4001-b554-4057ba0bfedf","lyft_plus","Lyft XL"
"2.44","Lyft","1544826611974","Beacon Hill","Northeastern University","9","1","08bf3307-66e4-4d6d-b70d-dfe1aaa4e7b6","lyft","Lyft"
"2.44","Lyft","1543866181072","Beacon Hill","Northeastern University","30","1","1821e6cf-df10-4131-a021-6c08eb059b2e","lyft_luxsuv","Lux Black XL"
"2.44","Lyft","1543814578105","Beacon Hill","Northeastern University","3.5","1","30ceda38-1290-4074-a7b8-6c876c6a8eed","lyft_line","Shared"
"2.44","Lyft","1544747410451","Beacon Hill","Northeastern University","16.5","1","97564359-cf39-4e55-92c2-4376469f4778","lyft_premier","Lux"
"2.44","Lyft","1543538278680","Beacon Hill","Northeastern University","22.5","1","cf227713-d0f4-4613-a085-af6168b2329c","lyft_lux","Lux Black"
"2.44","Lyft","1544866804426","Beacon Hill","Northeastern University","13.5","1","de12d4c1-44de-4a7b-98c0-c574579774dd","lyft_plus","Lyft XL"
"3.04","Lyft","1543842179401","West End","Boston University","7","1","1aa247fd-d022-409d-93b1-b387285df306","lyft_line","Shared"
"3.04","Lyft","1543330282474","West End","Boston University","16.5","1","21f24a6d-ae97-4c0f-b43e-f2247075c8a2","lyft_plus","Lyft XL"
"3.04","Lyft","1544880009834","West End","Boston University","32.5","1","81ea313a-7bd7-4f41-a769-c6e9ef260d18","lyft_luxsuv","Lux Black XL"
"3.04","Lyft","1543899482542","West End","Boston University","19.5","1","bdd34064-e66f-44f9-8529-b61f38af4520","lyft_premier","Lux"
"3.04","Lyft","1544932809267","West End","Boston University","10.5","1","c27bdecb-bf4b-415c-830e-a4da428f8369","lyft","Lyft"
"3.04","Lyft","1543608483779","West End","Boston University","22.5","1","f1d37582-0af0-49ca-a209-d19970fdf230","lyft_lux","Lux Black"
"0.71","Lyft","1543455668150","West End","Haymarket Square","7","1","1247e641-cfd2-4aa2-a8c7-f62879fcd5f0","lyft","Lyft"
"0.71","Lyft","1543441627370","West End","Haymarket Square","11","1","3b6f5700-218a-497c-94fd-9e70481bf970","lyft_premier","Lux"
"0.71","Lyft","1543419847978","West End","Haymarket Square","16.5","1","75d59a63-af1a-4058-838e-c7c86c272d49","lyft_lux","Lux Black"
"0.71","Lyft","1545022210821","West End","Haymarket Square","5","1","b7edd0e6-1d3c-4f13-9f61-aa469fa49add","lyft_line","Shared"
"0.71","Lyft","1543438748192","West End","Haymarket Square","26","1","bb9d946d-c71c-45f6-b7b1-2c5eda01f413","lyft_luxsuv","Lux Black XL"
"0.71","Lyft","1545066907431","West End","Haymarket Square","9","1","f6716f15-473f-4e42-9647-eed829aee696","lyft_plus","Lyft XL"
"3.25","Lyft","1544721313191","Northeastern University","West End","38","1","2259301b-e7f4-42c1-83c4-5a889a732df4","lyft_luxsuv","Lux Black XL"
"3.25","Lyft","1543631287357","Northeastern University","West End","22.5","1","26f760c4-0a39-4739-8bb3-e9d1aa46ae41","lyft_premier","Lux"
"3.25","Lyft","1544914210805","Northeastern University","West End","7","1","338d5827-2c88-4b26-a777-e9b222479aff","lyft_line","Shared"
"3.25","Lyft","1543238050457","Northeastern University","West End","11","1","823ebce8-b86c-46bf-978d-57d849531ead","lyft","Lyft"
"3.25","Lyft","1543610287181","Northeastern University","West End","19.5","1","9bac1350-553b-4a41-b003-d1336d444394","lyft_plus","Lyft XL"
"3.25","Lyft","1545087011469","Northeastern University","West End","26","1","acf9af4c-c4a5-4bc5-a721-3b05f4ea456c","lyft_lux","Lux Black"
"2.39","Lyft","1543447208076","Back Bay","Haymarket Square","22.5","1","187979d5-cd32-4e57-aeba-0c41579c6775","lyft_lux","Lux Black"
"2.39","Lyft","1543353144130","Back Bay","Haymarket Square","27.5","1","3e42c6d9-e382-4573-8dfb-f10fc10944f8","lyft_luxsuv","Lux Black XL"
"2.39","Lyft","1543339823577","Back Bay","Haymarket Square","16.5","1","debbfa7e-5790-440c-adb0-0afcabed91af","lyft_premier","Lux"
"2.39","Lyft","1543830783668","Back Bay","Haymarket Square","13.5","1","e5d19b33-56e8-423d-b3f7-0ee064595574","lyft_plus","Lyft XL"
"3.28","Lyft","1544756706957","Northeastern University","Financial District","38.5","1","a3728af5-8b73-4fc2-8b6d-2d76a05dad47","lyft_luxsuv","Lux Black XL"
"1.08","Lyft","1543847577735","Theatre District","South Station","34","1.25","157ab8b3-07a5-4b3b-a2b9-4d3d6f9206c5","lyft_luxsuv","Lux Black XL"
"1.08","Lyft","1543710780112","Theatre District","South Station","7","1","4674d9ad-2d6c-4315-94b2-9562e67375b5","lyft_line","Shared"
"1.08","Lyft","1544702403813","Theatre District","South Station","9","1.25","8bc00ba0-9ccc-4038-aa80-14ec69433988","lyft","Lyft"
"1.08","Lyft","1545102608299","Theatre District","South Station","13.5","1.25","b4c3be54-c6f4-40b6-8c38-ea7640dd60fa","lyft_plus","Lyft XL"
"1.08","Lyft","1544982012797","Theatre District","South Station","19.5","1.25","c4adda82-6f50-47b4-a316-2aa415057e0a","lyft_lux","Lux Black"
"1.08","Lyft","1543354403593","Theatre District","South Station","16.5","1.25","ef413b70-21c2-493e-a86f-70abff25a2ee","lyft_premier","Lux"
"3.18","Lyft","1544934603659","Boston University","Theatre District","16.5","1","2e6e999f-b958-4c93-8f71-bee68438ab07","lyft_plus","Lyft XL"
"3.18","Lyft","1544896813504","Boston University","Theatre District","27.5","1","4fddffaf-03da-4a20-be0e-c5b410fb34ce","lyft_lux","Lux Black"
"3.18","Lyft","1543332982363","Boston University","Theatre District","7","1","7d3dae80-9331-452c-a4b8-c360af2a24b5","lyft_line","Shared"
"3.18","Lyft","1544943608814","Boston University","Theatre District","10.5","1","8991d26a-dcfe-46af-b3d6-1cd28dad6faf","lyft","Lyft"
"3.18","Lyft","1543251369656","Boston University","Theatre District","32.5","1","963bd0ff-422e-4f4a-ab63-2e4634b40f6f","lyft_luxsuv","Lux Black XL"
"3.18","Lyft","1543360522180","Boston University","Theatre District","22.5","1","da35d202-c0d4-439f-90d7-b018c900fdd9","lyft_premier","Lux"
"1.08","Lyft","1543853281151","North End","North Station","5","1","1342e497-298f-44ee-a8de-e05d08fa2de3","lyft_line","Shared"
"1.08","Lyft","1544835308485","North End","North Station","27.5","1","5c3d9014-ebd4-4a66-a64b-4ff71c09f914","lyft_luxsuv","Lux Black XL"
"1.08","Lyft","1543462688000","North End","North Station","7","1","66f67f53-e9ff-43ba-bf2a-beab67412564","lyft","Lyft"
"1.08","Lyft","1543725476409","North End","North Station","10.5","1","74f1fc20-79c6-4311-b281-59112e8da055","lyft_plus","Lyft XL"
"1.08","Lyft","1543882381253","North End","North Station","13.5","1","d7b3a417-16e8-4c38-91c1-dcdc238c9741","lyft_premier","Lux"
"1.08","Lyft","1543279420655","North End","North Station","16.5","1","ec628d6d-3b88-496e-b1b0-c5e9ecf0e0d8","lyft_lux","Lux Black"
"3.14","Lyft","1543688285865","West End","Boston University","32.5","1","08a6ef78-84cc-4044-a50c-d9f8cfa9c7d6","lyft_luxsuv","Lux Black XL"
"3.14","Lyft","1544677512827","West End","Boston University","7","1","0bce686d-d33f-4e0e-a1c3-eedfb9727746","lyft_line","Shared"
"3.14","Lyft","1543793880779","West End","Boston University","19.5","1","2f51d7de-585d-4347-8f06-ddda6d8e1c59","lyft_premier","Lux"
"3.14","Lyft","1544931906160","West End","Boston University","16.5","1","5bfc70bc-7cd6-481f-ae7e-a9b858dbbd41","lyft_plus","Lyft XL"
"3.14","Lyft","1544991912778","West End","Boston University","27.5","1","c3f7a4ba-9f11-40fa-b6b5-0822f1a36909","lyft_lux","Lux Black"
"3.14","Lyft","1544936413931","West End","Boston University","10.5","1","e8632d8e-9fe4-4196-8108-85b117f7678a","lyft","Lyft"
"2.16","Lyft","1543322901896","Back Bay","South Station","19.5","1","65b60377-9cd1-4aa9-a0c2-dd0246cdfcf0","lyft_premier","Lux"
"2.16","Lyft","1545160203694","Back Bay","South Station","7","1","a3247e6e-d350-40a0-aa20-5a551679e461","lyft_line","Shared"
"2.16","Lyft","1543354222286","Back Bay","South Station","16.5","1","b874b85e-cec7-4008-9424-b6f295523504","lyft_plus","Lyft XL"
"2.16","Lyft","1543593785740","Back Bay","South Station","32.5","1","ecada3c3-4102-4685-ac0e-98c2a45cc134","lyft_luxsuv","Lux Black XL"
"2.16","Lyft","1543504077240","Back Bay","South Station","22.5","1","f78f5477-2e5a-40ec-bfa0-6b20050c91cb","lyft_lux","Lux Black"
"2.16","Lyft","1543553282185","Back Bay","South Station","10.5","1","fb84c0b7-4b37-498a-add1-2481b9a2ca89","lyft","Lyft"
"1.39","Lyft","1545150312606","Haymarket Square","Beacon Hill","27.5","1","2ca15ba3-87db-48cd-9fb5-2c14c418db97","lyft_luxsuv","Lux Black XL"
"1.39","Lyft","1543334963384","Haymarket Square","Beacon Hill","16.5","1","97584d72-fdb6-493b-bf6a-f8d8a3611146","lyft_lux","Lux Black"
"1.39","Lyft","1544857812478","Haymarket Square","Beacon Hill","5","1","c85377ac-c371-4d14-91ee-bc587d688293","lyft_line","Shared"
"1.39","Lyft","1544934005457","Haymarket Square","Beacon Hill","7","1","e63fbe37-7d55-44e1-8b8f-9b5f6f6ab2d7","lyft","Lyft"
"1.39","Lyft","1544719812817","Haymarket Square","Beacon Hill","13.5","1","f2bd5803-5548-424f-8e89-b17391fb40e4","lyft_premier","Lux"
"1.39","Lyft","1543319842301","Haymarket Square","Beacon Hill","10.5","1","f3f022d6-19d5-4717-8d16-bdb742d139cc","lyft_plus","Lyft XL"
"2.92","Lyft","1544714710965","Northeastern University","Theatre District","19.5","1","661348f7-da1d-4e0d-adef-d2418a0336be","lyft_plus","Lyft XL"
"2.92","Lyft","1543217180467","Northeastern University","Theatre District","11","1","cfb7b18e-453c-488f-b218-c54fcb6ffde9","lyft","Lyft"
"2.92","Lyft","1544862005381","Northeastern University","Theatre District","7","1","d1b935cd-1fce-4a78-9d4d-95e055b11e63","lyft_line","Shared"
"2.92","Lyft","1545099010408","Northeastern University","Theatre District","26","1","e5d57041-d405-4ce9-8307-7aca0030167b","lyft_lux","Lux Black"
"2.92","Lyft","1543705684159","Northeastern University","Theatre District","34","1","efe76b74-fc85-44c4-b0f0-09c1b5e9507f","lyft_luxsuv","Lux Black XL"
"2.92","Lyft","1543852981677","Northeastern University","Theatre District","22.5","1","fea0a0db-2642-422e-bced-b206484f8d7a","lyft_premier","Lux"
"1.76","Lyft","1543365382589","North End","Theatre District","7","1","19abfaa2-9090-446b-9d42-fa0978b90a87","lyft_line","Shared"
"1.76","Lyft","1543539782302","North End","Theatre District","16.5","1","1b88f227-619a-4ae0-abe0-b2627fa5b223","lyft_premier","Lux"
"1.76","Lyft","1544727614578","North End","Theatre District","22.5","1","6c3b9fd3-c211-42ff-ba78-dc58348ef55d","lyft_lux","Lux Black"
"1.76","Lyft","1545025210949","North End","Theatre District","13.5","1","8519b7f2-3b14-49b8-ba51-1c1f581ef423","lyft_plus","Lyft XL"
"1.76","Lyft","1543453868322","North End","Theatre District","27.5","1","93a17a2b-65cc-4207-8ae2-446ce09e8d3e","lyft_luxsuv","Lux Black XL"
"1.76","Lyft","1544967303489","North End","Theatre District","9","1","e05f78ae-9616-4039-8a4e-63a8d343a20b","lyft","Lyft"
"1.02","Lyft","1545029414274","North Station","North End","10.5","1","027cb68c-53e8-42b5-a894-d125a2d1f468","lyft_plus","Lyft XL"
"1.02","Lyft","1544763911332","North Station","North End","16.5","1","08325f16-d0fb-4bb9-98f0-287141f06538","lyft_lux","Lux Black"
"1.02","Lyft","1544905805760","North Station","North End","10.5","1","0a44d147-7a47-46e5-9e73-792aad8611ae","lyft_premier","Lux"
"1.02","Lyft","1543843677325","North Station","North End","27.5","1","1b67b9ed-0f83-4026-af7b-8d2d3af75327","lyft_luxsuv","Lux Black XL"
"1.02","Lyft","1543646279645","North Station","North End","3","1","5f0896ba-2e63-490a-b625-c5f394cdd954","lyft_line","Shared"
"1.02","Lyft","1543799280522","North Station","North End","7","1","8c53d3d5-154a-460b-afb6-aefebb5c851f","lyft","Lyft"
"3.23","Lyft","1544841008691","North Station","Fenway","11","1","4889131a-3f0f-4e7b-99d9-8871bcce05d7","lyft","Lyft"
"3.23","Lyft","1543349364061","North Station","Fenway","22.5","1","794442b7-2f10-4215-8044-eee28531d6eb","lyft_premier","Lux"
"3.23","Lyft","1544672509742","North Station","Fenway","38","1","a95c6e17-7319-4728-be2b-3e05e812dd87","lyft_luxsuv","Lux Black XL"
"3.23","Lyft","1543846681931","North Station","Fenway","30","1","b1a6271d-1680-4b68-b281-36738d80de25","lyft_lux","Lux Black"
"3.23","Lyft","1544861713494","North Station","Fenway","7","1","d8e988ed-ffc1-45f0-ad64-9cc1af8a2727","lyft_line","Shared"
"3.23","Lyft","1544904613869","North Station","Fenway","19.5","1","f1f1447a-5985-4705-a798-e0715ee638e2","lyft_plus","Lyft XL"
"3.02","Lyft","1545057606517","Fenway","West End","26","1","5339cfeb-c784-4f6c-9512-473c745c8156","lyft_lux","Lux Black"
"3.02","Lyft","1544740212111","Fenway","West End","34","1","585816f1-e3c7-4826-a5c7-972cb6412581","lyft_luxsuv","Lux Black XL"
"3.02","Lyft","1543567681001","Fenway","West End","7","1","6260c0ea-bcb2-4725-b6ac-5cbe21968444","lyft_line","Shared"
"3.02","Lyft","1543724881049","Fenway","West End","19.5","1","8abba324-81c6-47ea-809d-b693509b7931","lyft_premier","Lux"
"3.02","Lyft","1543605184687","Fenway","West End","9","1","93f6a864-dda3-4869-9a1c-d8586702d3c2","lyft","Lyft"
"3.02","Lyft","1543609087251","Fenway","West End","16.5","1","eaf8f1ab-249a-48af-8414-e6da37cc5846","lyft_plus","Lyft XL"
"0.64","Lyft","1543301661984","West End","Haymarket Square","7","1","23107a9b-7586-4648-a0e2-212915e7ac1b","lyft","Lyft"
"0.64","Lyft","1543466288666","West End","Haymarket Square","10.5","1","6675c7c5-28f9-4d06-99f0-666e220730b9","lyft_premier","Lux"
"0.64","Lyft","1543273936118","West End","Haymarket Square","10.5","1","7dbf3118-6d6c-4450-aa1c-1bed2223a9ba","lyft_plus","Lyft XL"
"0.64","Lyft","1543537683085","West End","Haymarket Square","27.5","1","a5f692cb-b333-4e4e-ba5e-905d7fb2816d","lyft_luxsuv","Lux Black XL"
"0.64","Lyft","1543452068066","West End","Haymarket Square","16.5","1","ecaae28d-ca39-4cae-a8da-d8a8bffc328f","lyft_lux","Lux Black"
"0.64","Lyft","1543620183168","West End","Haymarket Square","3","1","f8211235-cc5e-4f25-88fe-2215bca0c88d","lyft_line","Shared"
"2.07","Lyft","1543246510232","North End","Beacon Hill","7","1","0f5d4349-c469-49ca-9da2-23a6ddb764f9","lyft_line","Shared"
"2.07","Lyft","1543708081246","North End","Beacon Hill","32.5","1","148caffc-5087-4600-948b-c4d8545d98b8","lyft_luxsuv","Lux Black XL"
"2.61","Lyft","1543594077358","South Station","Back Bay","27.5","1","2cccac4a-57dc-4dbe-b531-bb529335e898","lyft_lux","Lux Black"
"2.61","Lyft","1543594982564","South Station","Back Bay","7","1","38504f2f-300c-4e1b-bff4-4b44c3b4b842","lyft_line","Shared"
"2.61","Lyft","1543471082637","South Station","Back Bay","10.5","1","3ec303ac-a8b2-4fb8-add2-c83b61c627b5","lyft","Lyft"
"2.07","Lyft","1543409587645","North End","Beacon Hill","16.5","1","7b0c4e8d-21fc-4350-9972-f8dace1177ad","lyft_premier","Lux"
"2.07","Lyft","1544883615701","North End","Beacon Hill","10.5","1","9df49a6e-662d-4ac9-b003-34e3f146a209","lyft","Lyft"
"2.07","Lyft","1543545782835","North End","Beacon Hill","22.5","1","b7d55026-7809-4b7a-b275-27648f79cb8a","lyft_lux","Lux Black"
"2.61","Lyft","1543275914057","South Station","Back Bay","16.5","1","bbc3cb67-3ba6-4158-9ef6-da087068f5aa","lyft_plus","Lyft XL"
"2.07","Lyft","1544893510788","North End","Beacon Hill","13.5","1","bfa88314-d95d-4490-b508-a7e4b7f21432","lyft_plus","Lyft XL"
"2.61","Lyft","1543281323389","South Station","Back Bay","32.5","1","e1f1d1e3-f66a-4c12-94a6-62f59aff739b","lyft_luxsuv","Lux Black XL"
"2.61","Lyft","1544809507650","South Station","Back Bay","22.5","1","ed7e441e-8318-4c89-9499-8d4737bad7b5","lyft_premier","Lux"
"1.03","Lyft","1544825714213","North End","Financial District","3.5","1","3c80d873-74aa-4895-bbe5-a236717188cb","lyft_line","Shared"
"1.03","Lyft","1543651984105","North End","Financial District","11","1","48f97648-ebf4-410e-89bc-91b6dca320d3","lyft_premier","Lux"
"1.03","Lyft","1544876409945","North End","Financial District","11","1","ace95720-402f-4946-a2e3-a9a4e2755563","lyft_plus","Lyft XL"
"1.03","Lyft","1544719505955","North End","Financial District","16.5","1","cc041c6a-c73f-4245-a0e0-651a3565b6fc","lyft_lux","Lux Black"
"1.03","Lyft","1543612686837","North End","Financial District","26","1","ebab326d-500d-4dce-b584-9587a2a25024","lyft_luxsuv","Lux Black XL"
"1.03","Lyft","1544787910576","North End","Financial District","7","1","fcab11f1-2b54-485a-9213-07ce6ed31258","lyft","Lyft"
"3.35","Lyft","1544805910107","Northeastern University","North Station","34","1","18e08a21-aaa0-43b7-a2c8-a7af8d7d1c4d","lyft_luxsuv","Lux Black XL"
"3.35","Lyft","1543793880728","Northeastern University","North Station","16.5","1","49d2a25e-6407-49c9-b359-bd441c0d061f","lyft_plus","Lyft XL"
"3.35","Lyft","1543641484551","Northeastern University","North Station","5","1","4d2bfe23-a3d0-43b1-9a45-ce88501ad034","lyft_line","Shared"
"3.35","Lyft","1543570380507","Northeastern University","North Station","26","1","660d6f7a-ecf7-4e84-9c94-043a77b030ba","lyft_lux","Lux Black"
"3.35","Lyft","1543816376560","Northeastern University","North Station","11","1","80415e34-dfd6-4857-a7b8-b22a2c85e961","lyft","Lyft"
"3.35","Lyft","1544852711768","Northeastern University","North Station","19.5","1","8820890e-60c7-4094-9b66-268eb751ffa7","lyft_premier","Lux"
"2.93","Lyft","1545064808960","Theatre District","Boston University","7","1","59d22959-9072-4575-8d66-5aa9025065cf","lyft_line","Shared"
"2.93","Lyft","1543229409904","Theatre District","Boston University","13.5","1.25","7db6487f-0c99-4bb9-b8ab-5424cfcaafce","lyft","Lyft"
"2.93","Lyft","1544942111231","Theatre District","Boston University","22.5","1.25","9c311b5b-6168-4e79-8658-4adae5521f25","lyft_plus","Lyft XL"
"2.93","Lyft","1543320924265","Theatre District","Boston University","26","1.25","dd87cb5d-edcb-4550-9449-104b7d263db3","lyft_premier","Lux"
"2.93","Lyft","1543425608208","Theatre District","Boston University","30","1.25","f565464f-3ca5-4765-b5a8-505fc327eca3","lyft_lux","Lux Black"
"2.93","Lyft","1543626782377","Theatre District","Boston University","42.5","1.25","fa6e092f-5562-49ef-916c-92d8148111ee","lyft_luxsuv","Lux Black XL"
"3.17","Lyft","1543516977342","Fenway","North Station","11","1","609099a7-3dcb-4507-a50a-f0bcb930a461","lyft","Lyft"
"3.17","Lyft","1544702408962","Fenway","North Station","7","1","6dad0ba2-f2af-40e0-8b12-ba1d80b82c54","lyft_line","Shared"
"3.17","Lyft","1543340183915","Fenway","North Station","34","1","b9d19655-2137-4a95-8af2-ba992aab4818","lyft_luxsuv","Lux Black XL"
"3.17","Lyft","1543456422497","Fenway","North Station","19.5","1","c3258ab6-e1a0-4ecf-ac55-97818e1f7632","lyft_premier","Lux"
"3.17","Lyft","1543308682254","Fenway","North Station","16.5","1","d422d1fd-e231-45f2-a7b7-4a3829df59be","lyft_plus","Lyft XL"
"3.17","Lyft","1543253893051","Fenway","North Station","26","1","db60395d-cb0e-4bbd-bf9e-8c85b0890a35","lyft_lux","Lux Black"
"3.17","Lyft","1543867082032","Fenway","North Station","27.5","1","37e88898-2560-44a1-81b4-3a9e27096a73","lyft_lux","Lux Black"
"3.17","Lyft","1543404084927","Fenway","North Station","19.5","1","47c3c274-8db2-48ad-833e-d2f7d6a09920","lyft_premier","Lux"
"3.17","Lyft","1544967913335","Fenway","North Station","10.5","1","66068f79-2b37-49d0-8a03-fc3ffead641c","lyft","Lyft"
"3.17","Lyft","1543878481827","Fenway","North Station","32.5","1","82840af7-8739-4767-9ae6-20d94c2a35bd","lyft_luxsuv","Lux Black XL"
"3.17","Lyft","1544925010340","Fenway","North Station","16.5","1","afb092ed-8364-45e8-a72c-919a6aab798b","lyft_plus","Lyft XL"
"3.17","Lyft","1545095708430","Fenway","North Station","7","1","fcdef4ee-5b36-4496-b1d1-b55b6c93d493","lyft_line","Shared"
"1.2","Lyft","1543280329550","North End","North Station","27.5","1","24d8b559-152e-4a7e-8904-b450514732ec","lyft_luxsuv","Lux Black XL"
"1.2","Lyft","1543662780555","North End","North Station","16.5","1","5526b47c-ed41-4c10-afbf-c3759adf9f40","lyft_lux","Lux Black"
"1.2","Lyft","1543398198344","North End","North Station","10.5","1","959242f9-acf3-418c-9110-4edba70ff4b9","lyft_plus","Lyft XL"
"1.2","Lyft","1543272850763","North End","North Station","7","1","ef2993ff-1f6c-4387-94ef-a6d0f2903beb","lyft","Lyft"
"1.2","Lyft","1543283303862","North End","North Station","13.5","1","f3a4b4f4-05cd-49da-8550-09c28b2e1c5c","lyft_premier","Lux"
"1.2","Lyft","1544739913465","North End","North Station","3","1","f431d2df-e0e3-49ee-8115-f2607b0668d8","lyft_line","Shared"
"3.14","Lyft","1544924705239","Boston University","North Station","7","1","22010479-94e8-4570-96be-3ec004d24cb5","lyft_line","Shared"
"3.14","Lyft","1543404086103","Boston University","North Station","10.5","1","23b35a5c-2c7b-497e-b5b4-8ac7837dc1eb","lyft","Lyft"
"3.14","Lyft","1543308322395","Boston University","North Station","19.5","1","52256e9c-45ee-49ea-b0c9-341a042668eb","lyft_plus","Lyft XL"
"3.14","Lyft","1543413683278","Boston University","North Station","27.5","1","afdee121-c2e3-4297-8750-8d42e42e5453","lyft_lux","Lux Black"
"3.14","Lyft","1543515484472","Boston University","North Station","38.5","1","cf1b468d-d1a3-4384-86d5-049c09277441","lyft_luxsuv","Lux Black XL"
"3.14","Lyft","1543678381813","Boston University","North Station","22.5","1","dafbeab3-620f-4d4b-8d63-fa5e0aea4d15","lyft_premier","Lux"
"1.39","Lyft","1544811609359","Beacon Hill","Haymarket Square","13.5","1","4ee66eda-5b8b-4543-96de-8de2e834f048","lyft_premier","Lux"
"1.39","Lyft","1544782503676","Beacon Hill","Haymarket Square","16.5","1","7abe5a90-ad97-4b23-a6c3-74c3c56e3235","lyft_lux","Lux Black"
"1.39","Lyft","1543634883031","Beacon Hill","Haymarket Square","10.5","1","99490ab4-738b-4dbc-9888-a205df3acac5","lyft_plus","Lyft XL"
"1.39","Lyft","1543410084730","Beacon Hill","Haymarket Square","3","1","a05116d7-4071-4d28-9152-462e803b9c00","lyft_line","Shared"
"1.39","Lyft","1544858111418","Beacon Hill","Haymarket Square","7","1","abd390c8-580e-47ce-bec1-5a436cf6acf7","lyft","Lyft"
"1.39","Lyft","1543846379911","Beacon Hill","Haymarket Square","27.5","1","e4a09d93-ad34-4751-9632-0780e05f9674","lyft_luxsuv","Lux Black XL"
"1.45","Lyft","1544867405179","North End","Beacon Hill","11","1","03164f18-7976-4a7c-a321-80c5d1e78394","lyft_plus","Lyft XL"
"1.45","Lyft","1543463768213","North End","Beacon Hill","13.5","1","093124d4-50ad-4e49-9e0d-153c8a62a117","lyft_premier","Lux"
"1.45","Lyft","1545055510161","North End","Beacon Hill","7","1","484e96f0-4753-452e-8b45-25f8e7b9d994","lyft","Lyft"
"1.45","Lyft","1543629477998","North End","Beacon Hill","16.5","1","664b823c-b35b-436d-821d-99ea0684f899","lyft_lux","Lux Black"
"1.45","Lyft","1543759977704","North End","Beacon Hill","3.5","1","89efb1f1-4903-44f4-bdf1-84e06dc1868c","lyft_line","Shared"
"1.45","Lyft","1543849080947","North End","Beacon Hill","26","1","e142ecae-8cbb-42a6-b4b4-542f97fb443a","lyft_luxsuv","Lux Black XL"
"1.35","Lyft","1544734815347","Haymarket Square","Beacon Hill","5","1","2228414f-01b5-4374-aa96-2afae08c869d","lyft_line","Shared"
"1.35","Lyft","1544707209507","Haymarket Square","Beacon Hill","9","1.25","2d33b3b1-5d8c-4e27-9f45-6260725e253e","lyft","Lyft"
"1.35","Lyft","1543864987527","Haymarket Square","Beacon Hill","16.5","1.25","74a0ee6d-4e0f-4817-817d-199b0163688c","lyft_premier","Lux"
"1.35","Lyft","1544743211967","Haymarket Square","Beacon Hill","22.5","1.25","9f62523e-0ccc-429f-a267-efe612e9a242","lyft_lux","Lux Black"
"1.35","Lyft","1543475876197","Haymarket Square","Beacon Hill","13.5","1.25","ac6467ce-25b3-4845-8d39-4836a10bd241","lyft_plus","Lyft XL"
"1.35","Lyft","1544687705143","Haymarket Square","Beacon Hill","32.5","1.25","d289de28-57bf-4c46-aa60-f34d2015ca02","lyft_luxsuv","Lux Black XL"
"3.8","Lyft","1544746808192","Fenway","Financial District","13.5","1","1a8060ba-0fb9-4a5f-98f0-c3ceb12b9dd2","lyft","Lyft"
"3.8","Lyft","1543234450106","Fenway","Financial District","22.5","1","48a922a9-a5f6-49de-ad9b-865997e1a53c","lyft_plus","Lyft XL"
"3.8","Lyft","1543556577500","Fenway","Financial District","42.5","1","4c1f503c-2411-4c59-b416-c9831f3da44b","lyft_luxsuv","Lux Black XL"
"3.8","Lyft","1543559281680","Fenway","Financial District","34","1","f303df24-fcdb-4c6c-8cc4-0dd850f06b7f","lyft_lux","Lux Black"
"3.8","Lyft","1544784012969","Fenway","Financial District","26","1","f50ccfba-0357-4f88-bf80-f84a0f149f37","lyft_premier","Lux"
"3.8","Lyft","1543561986011","Fenway","Financial District","9","1","faf23f55-3469-45de-99ce-78586d97193c","lyft_line","Shared"
"2.56","Lyft","1543560177657","Beacon Hill","South Station","32.5","1","87855544-a017-4082-9391-ef89d57b28b7","lyft_luxsuv","Lux Black XL"
"2.56","Lyft","1545041710321","Beacon Hill","South Station","19.5","1","8a6c5c50-ddae-4eeb-b784-9f65eb40df23","lyft_premier","Lux"
"2.56","Lyft","1543212976137","Beacon Hill","South Station","10.5","1","ae3dba0c-4c31-42d8-91b4-34626fba32ec","lyft","Lyft"
"2.56","Lyft","1543227250145","Beacon Hill","South Station","16.5","1","f35336cf-0c31-4cc1-a1b1-93ac41e3008a","lyft_plus","Lyft XL"
"2.56","Lyft","1544942110297","Beacon Hill","South Station","22.5","1","f4d2d524-6493-4cf0-83c9-ef90a461d37a","lyft_lux","Lux Black"
"4.23","Lyft","1543360702530","Financial District","Northeastern University","38.5","1","714454b7-2e2f-4399-ad87-dbd0226c805d","lyft_luxsuv","Lux Black XL"
"4.23","Lyft","1543424484829","Financial District","Northeastern University","32.5","1","aab73cf9-11b4-463d-9400-b47de7688d32","lyft_lux","Lux Black"
"4.23","Lyft","1545131706866","Financial District","Northeastern University","22.5","1","cea337ed-5efe-4cf8-9e76-ba68a7e2ec5a","lyft_premier","Lux"
"2.35","Lyft","1544737809978","Boston University","Beacon Hill","7","1","45bb59d3-c6d4-4641-98d8-2a188d62c9f6","lyft_line","Shared"
"2.35","Lyft","1543456387569","Boston University","Beacon Hill","16.5","1","4792954b-b218-463f-a48f-7d9f8361dfec","lyft_premier","Lux"
"2.35","Lyft","1543471079725","Boston University","Beacon Hill","19.5","1","6d81c395-ef0d-4e33-9d42-bd3c86cf5362","lyft_lux","Lux Black"
"2.35","Lyft","1543424184339","Boston University","Beacon Hill","13.5","1","8b377321-22a4-4b99-ad4c-ba4e7aec5331","lyft_plus","Lyft XL"
"2.35","Lyft","1545011705449","Boston University","Beacon Hill","30","1","fdff9f15-9b70-4c73-9097-9849e39343ff","lyft_luxsuv","Lux Black XL"
"2.35","Lyft","1544676311332","Boston University","Beacon Hill","9","1","feae5a52-e523-4183-a6a6-329822857b8d","lyft","Lyft"
"1.52","Lyft","1543428308376","Back Bay","Boston University","19.5","1","051c9b35-3c08-4364-80dd-4424aa6b731a","lyft_lux","Lux Black"
"1.52","Lyft","1544812206009","Back Bay","Boston University","13.5","1","0b240bf2-badf-4fee-93f6-905e2ffab5ca","lyft_plus","Lyft XL"
"1.52","Lyft","1543451887336","Back Bay","Boston University","13.5","1","1124fcfc-30ef-42ac-9460-d4d4e5bdbbb0","lyft_premier","Lux"
"1.52","Lyft","1543622586579","Back Bay","Boston University","3","1","38af5dbb-2684-406f-b133-d0c5b15ba990","lyft_line","Shared"
"1.52","Lyft","1544901907484","Back Bay","Boston University","7","1","94bff54a-019c-4ab5-ad43-4062667e80fd","lyft","Lyft"
"1.52","Lyft","1544931312237","Back Bay","Boston University","27.5","1","c3ba06c2-65ed-41d2-902b-29325202650f","lyft_luxsuv","Lux Black XL"
"2.05","Lyft","1543646277502","Theatre District","Northeastern University","30","1","3e0d585c-90dc-45b5-9499-8d2a99d7e3c2","lyft_luxsuv","Lux Black XL"
"2.05","Lyft","1543286183452","Theatre District","Northeastern University","13.5","1","8d4c6b3b-e3e0-42fd-a7ab-afcb9a889efb","lyft_plus","Lyft XL"
"2.05","Lyft","1543900380838","Theatre District","Northeastern University","22.5","1","9bf1b0b3-9a6f-422f-a321-33ba0e0dc932","lyft_lux","Lux Black"
"2.05","Lyft","1543301123765","Theatre District","Northeastern University","16.5","1","c9b00183-eb5a-432d-8623-f9edc669a43f","lyft_premier","Lux"
"3.25","Lyft","1543237509837","Back Bay","South Station","42.5","2.5","46c02b41-6f51-43ab-a389-21d704cac2db","lyft_plus","Lyft XL"
"3.25","Lyft","1543401667745","Back Bay","South Station","52.5","2","6c187b77-cfab-4fc2-87ae-ce6caf756e35","lyft_lux","Lux Black"
"3.25","Lyft","1544927715883","Back Bay","South Station","67.5","2","77644bac-cb00-4368-8aef-a3d0fd7861c2","lyft_luxsuv","Lux Black XL"
"3.25","Lyft","1543730289376","Back Bay","South Station","38","2","78695f94-063c-4ea0-9c5d-66b8a0d67f01","lyft_premier","Lux"
"3.25","Lyft","1543824781865","Back Bay","South Station","22.5","2.5","9c5c0e40-a5b9-4866-a77b-f4e9bf7eee84","lyft","Lyft"
"3.25","Lyft","1544993106128","Back Bay","South Station","11","1","b510940d-dbd6-42c4-aca9-c65500b009b0","lyft_line","Shared"
"2.15","Lyft","1543463947747","South Station","North Station","16.5","1","033db49d-fef5-4848-8d12-1909a14dc978","lyft_premier","Lux"
"2.15","Lyft","1543216726117","South Station","North Station","5","1","6d2063b0-4f43-4371-99eb-a73890710ff1","lyft_line","Shared"
"2.15","Lyft","1543445228597","South Station","North Station","13.5","1","972a966e-4e45-4a6c-8622-40e93e79f964","lyft_plus","Lyft XL"
"2.15","Lyft","1544884211685","South Station","North Station","27.5","1","afdd3cda-4547-4a9a-9094-0cfd9c817fec","lyft_luxsuv","Lux Black XL"
"2.15","Lyft","1543573980906","South Station","North Station","19.5","1","d5b02a55-e713-4aee-91ee-51311b08fe61","lyft_lux","Lux Black"
"2.15","Lyft","1543487282536","South Station","North Station","9","1","fb076d34-e800-4c89-9c94-b112b7353877","lyft","Lyft"
"2.56","Lyft","1543431367785","Beacon Hill","South Station","32.5","1","306ad3f8-f605-4fb1-830c-48c1fe393ba9","lyft_luxsuv","Lux Black XL"
"2.56","Lyft","1543343601836","Beacon Hill","South Station","10.5","1","853bc0df-7f49-48fd-bf16-3ee8a9bfcc50","lyft","Lyft"
"2.56","Lyft","1543779785563","Beacon Hill","South Station","13.5","1","882dccc4-a874-4009-ba7d-e64334e838e4","lyft_plus","Lyft XL"
"2.56","Lyft","1543797477352","Beacon Hill","South Station","16.5","1","9170922e-1e3a-4766-86ea-1fb0961df391","lyft_premier","Lux"
"2.56","Lyft","1545133810019","Beacon Hill","South Station","22.5","1","ad16d462-c6f5-47f5-9b19-3368aca7b635","lyft_lux","Lux Black"
"2.56","Lyft","1545150013977","Beacon Hill","South Station","7","1","edb63b89-fd3f-446a-945e-9d9c94a29723","lyft_line","Shared"
"2.05","Lyft","1543452707147","West End","South Station","7","1","50367894-71e8-48cf-a678-c76de800ebd6","lyft_line","Shared"
"2.05","Lyft","1543359623593","West End","South Station","16.5","1","650b9166-6c11-4c4c-87be-2d6f08e324dd","lyft_plus","Lyft XL"
"2.05","Lyft","1544731209554","West End","South Station","32.5","1","978a1edb-b591-4d56-8c6f-a1d82dc0a03d","lyft_luxsuv","Lux Black XL"
"2.05","Lyft","1543864079329","West End","South Station","19.5","1","9dc3dd2e-05da-40b3-b2b2-15f40fb1248a","lyft_premier","Lux"
"2.05","Lyft","1543901277640","West End","South Station","10.5","1","b3bf7b1f-1684-4b1e-95ba-3119d0c2f63c","lyft","Lyft"
"2.05","Lyft","1543315523999","West End","South Station","22.5","1","fe08593e-1c71-4afc-8bd5-7fc3ada4a006","lyft_lux","Lux Black"
"1.11","Lyft","1543465388396","North Station","North End","27.5","1","0b338225-6aca-42b6-8a62-d6bebb72e15c","lyft_luxsuv","Lux Black XL"
"1.11","Lyft","1543655281147","North Station","North End","10.5","1","0e231fe0-67a4-4c16-bf15-d39dc63dbd2f","lyft_plus","Lyft XL"
"1.11","Lyft","1543287982017","North Station","North End","7","1","1ee8c9c3-4608-46f2-9a43-2a1274f7eb81","lyft","Lyft"
"1.11","Lyft","1543428308279","North Station","North End","16.5","1","6df09c94-c29d-42f4-9609-b4d4fde50a1c","lyft_lux","Lux Black"
"1.11","Lyft","1543354403810","North Station","North End","5","1","cad462f9-275d-47f1-bff9-835be660abe2","lyft_line","Shared"
"1.11","Lyft","1543460360014","North Station","North End","13.5","1","e1626ff7-f522-42ca-87ba-80275bdfc64d","lyft_premier","Lux"
"1.26","Lyft","1543507677252","Haymarket Square","Financial District","13.5","1","2152af99-109b-42a4-a32d-af2549d28407","lyft_premier","Lux"
"1.26","Lyft","1544673304885","Haymarket Square","Financial District","27.5","1","6481b16f-1ebe-4270-907c-d0cc295e98c2","lyft_luxsuv","Lux Black XL"
"1.26","Lyft","1544904308305","Haymarket Square","Financial District","3","1","a54ea524-58ce-4b84-bd9f-dab5222c6c01","lyft_line","Shared"
"1.26","Lyft","1543556283738","Haymarket Square","Financial District","7","1","c0a06a71-596f-4e06-a4a7-a325bb2e5db3","lyft","Lyft"
"1.26","Lyft","1543560183599","Haymarket Square","Financial District","16.5","1","d5f9542a-121e-4a9d-a626-ad8d54590a25","lyft_lux","Lux Black"
"1.26","Lyft","1543593483676","Haymarket Square","Financial District","10.5","1","ff6e3660-aea7-423f-8f81-c02819cfaf0b","lyft_plus","Lyft XL"
"1.5","Lyft","1543528082617","Theatre District","North End","30","1","171c797c-7cbe-43f4-b647-0c221f26d075","lyft_luxsuv","Lux Black XL"
"1.5","Lyft","1543279335229","Theatre District","North End","7","1","28ed7c74-7408-4b16-b1dd-efa9c1d41ff6","lyft_line","Shared"
"1.5","Lyft","1543277835398","Theatre District","North End","9","1","2d37166b-ea5d-45ca-b72f-19836ae08571","lyft","Lyft"
"1.5","Lyft","1543330461930","Theatre District","North End","22.5","1","381ab8a0-fbfd-4fb9-9eff-450b2523bbe3","lyft_lux","Lux Black"
"1.5","Lyft","1545147911680","Theatre District","North End","16.5","1","ad7333e2-43b0-47b1-8ee3-609f9d1a6baa","lyft_premier","Lux"
"1.35","Lyft","1544861412683","Haymarket Square","Beacon Hill","27.5","1","838216a3-b34b-4028-a894-507fc01bada2","lyft_luxsuv","Lux Black XL"
"1.35","Lyft","1544875503471","Haymarket Square","Beacon Hill","16.5","1","8ee71a18-8bbc-498e-8b8a-d61e7ef1ff76","lyft_lux","Lux Black"
"1.35","Lyft","1543660076989","Haymarket Square","Beacon Hill","7","1","ae9c5d86-b03d-4a8e-9e7e-23e12dfd5a02","lyft","Lyft"
"1.35","Lyft","1545102005610","Haymarket Square","Beacon Hill","13.5","1","c720f171-b7c1-41db-8ce2-a44b42394642","lyft_premier","Lux"
"1.35","Lyft","1544748012439","Haymarket Square","Beacon Hill","3","1","d980155b-06ee-42c2-88eb-16ef5a7e0860","lyft_line","Shared"
"1.35","Lyft","1543635481545","Haymarket Square","Beacon Hill","10.5","1","e3cd9a56-0dfa-47d7-b778-9b79beda9dd6","lyft_plus","Lyft XL"
"4.76","Lyft","1543671477234","Boston University","Theatre District","27.5","1","0a54c28c-06db-467f-a5f1-b19deee1e83e","lyft_premier","Lux"
"4.76","Lyft","1543412184753","Boston University","Theatre District","32.5","1","21da7e2c-63f7-4c2b-833c-a6529d76543d","lyft_lux","Lux Black"
"4.76","Lyft","1543770482316","Boston University","Theatre District","9","1","2b6b35df-98d4-418a-b96e-1b489c24f5a1","lyft_line","Shared"
"4.76","Lyft","1544808004519","Boston University","Theatre District","45.5","1","8e4bd9d1-d823-4f20-8dca-42d22da91002","lyft_luxsuv","Lux Black XL"
"4.76","Lyft","1543549381435","Boston University","Theatre District","22.5","1","8e9465bb-c826-4430-9dc1-07e79540b004","lyft_plus","Lyft XL"
"4.76","Lyft","1543528376476","Boston University","Theatre District","13.5","1","bea47d8f-f49b-4cd9-a4cd-9aa68bb17581","lyft","Lyft"
"3.41","Lyft","1544858106577","Northeastern University","Financial District","38","1","2724ba37-e93c-4926-94bc-24ce7bd39ea8","lyft_luxsuv","Lux Black XL"
"3.41","Lyft","1543471676057","Northeastern University","Financial District","22.5","1","27dba711-b3e3-4132-a211-56a26d04e54b","lyft_premier","Lux"
"3.41","Lyft","1544989507623","Northeastern University","Financial District","19.5","1","2fc47557-8bde-4be6-9ac3-5648b8d3e8fa","lyft_plus","Lyft XL"
"3.41","Lyft","1544751313892","Northeastern University","Financial District","7","1","801f476a-fa1d-48d0-9e47-c0601d0c98ba","lyft_line","Shared"
"3.41","Lyft","1543305801945","Northeastern University","Financial District","26","1","97c66e38-25ad-411f-93a1-ce226c228c7e","lyft_lux","Lux Black"
"3.41","Lyft","1543367362287","Northeastern University","Financial District","11","1","e45d644e-da01-4d37-a919-83c50217cba6","lyft","Lyft"
"1.33","Lyft","1545144609422","South Station","Back Bay","19.5","1","02e5a743-c82a-4e66-ac0d-f432b6191aca","lyft_lux","Lux Black"
"1.33","Lyft","1543328844189","South Station","Back Bay","26","1","9d28dd46-9870-4884-bfd0-439bc73363d4","lyft_luxsuv","Lux Black XL"
"1.33","Lyft","1543362502139","South Station","Back Bay","13.5","1","ac132570-c30f-473b-9583-e083800b65a9","lyft_premier","Lux"
"1.33","Lyft","1543713477502","South Station","Back Bay","5","1","b43e7ebb-1149-48b0-8fe2-2549355f3454","lyft_line","Shared"
"1.33","Lyft","1543306522773","South Station","Back Bay","7","1","c331293c-f25b-4174-aceb-5c7c54535bdd","lyft","Lyft"
"1.33","Lyft","1544399590978","South Station","Back Bay","13.5","1","db4d2a05-1220-41f9-bf64-926a89ab8a0a","lyft_plus","Lyft XL"
"0.61","Lyft","1543246150296","South Station","Theatre District","26","1","088f0dcc-8c3e-4f1e-b2d2-d84570ba4727","lyft_luxsuv","Lux Black XL"
"0.61","Lyft","1544976914325","South Station","Theatre District","5","1","1098df7f-e57d-463f-bb85-09342d119aac","lyft_line","Shared"
"0.61","Lyft","1543764476357","South Station","Theatre District","9","1","1c3bed56-d534-43fb-9e8f-2ac11389c9fc","lyft_plus","Lyft XL"
"0.61","Lyft","1543346482332","South Station","Theatre District","7","1","42ac8bd2-f92d-437a-a00c-e9648a5083cd","lyft","Lyft"
"0.61","Lyft","1544684709604","South Station","Theatre District","16.5","1","713300e5-7703-40e2-9ecf-4453afc97737","lyft_lux","Lux Black"
"0.61","Lyft","1544798108599","South Station","Theatre District","11","1","73b9e792-d3f7-4d9c-a5ff-92782b679a52","lyft_premier","Lux"
"1.09","Lyft","1543397856879","North End","North Station","13.5","1","4ff6ffd0-ace2-419d-9128-e1d9c40a86f6","lyft_premier","Lux"
"1.09","Lyft","1543822682572","North End","North Station","16.5","1","c9441a12-fcfa-4fe6-8214-5f8f90ac6ef6","lyft_lux","Lux Black"
"1.09","Lyft","1545140403775","North End","North Station","7","1","ca6200f6-5eee-4cf0-b3c5-e80c7d27119c","lyft","Lyft"
"1.09","Lyft","1543290862340","North End","North Station","27.5","1","cba28356-5d53-4eac-b39e-d317e6fc8850","lyft_luxsuv","Lux Black XL"
"1.09","Lyft","1544674205742","North End","North Station","10.5","1","e222caf4-6c26-4024-bcfd-852d710c2ef2","lyft_plus","Lyft XL"
"1.09","Lyft","1543840386296","North End","North Station","5","1","e948250d-a2c8-42f8-862c-b82331fba07e","lyft_line","Shared"
"2.93","Lyft","1544960110993","Theatre District","Boston University","22.5","1","29b7e4d7-b31d-44a2-bc18-5c056c8d7d89","lyft_premier","Lux"
"2.93","Lyft","1543629186122","Theatre District","Boston University","10.5","1","75d2ca3c-24d8-48ef-b4be-a2365d5d4ec5","lyft","Lyft"
"2.93","Lyft","1543421647772","Theatre District","Boston University","32.5","1","798667fd-26d5-4d0a-8c9a-626b0ba8a78a","lyft_luxsuv","Lux Black XL"
"2.93","Lyft","1543397854534","Theatre District","Boston University","7","1","a554eac9-b2d2-4ee8-8a2a-617345a10571","lyft_line","Shared"
"2.93","Lyft","1544866810114","Theatre District","Boston University","16.5","1","bfe982bb-e27f-402f-abdc-e30287d911e8","lyft_plus","Lyft XL"
"2.93","Lyft","1545003011076","Theatre District","Boston University","27.5","1","f8e8abb9-9c3b-4a31-ae81-5de9fca3e9ac","lyft_lux","Lux Black"
"3.68","Lyft","1543816376633","Financial District","Boston University","7","1","d3757125-6a25-4a78-94b8-a18b9597208d","lyft_line","Shared"
"1.66","Lyft","1543454768022","West End","South Station","9","1","0ebd48b8-e006-4a14-a789-4a7926fac4c1","lyft","Lyft"
"1.66","Lyft","1543762982006","West End","South Station","27.5","1","4f5cde89-8e3d-4488-987f-40e624be5529","lyft_luxsuv","Lux Black XL"
"1.66","Lyft","1545024310668","West End","South Station","5","1","5bb44507-217a-4641-bb55-f73c6b5780aa","lyft_line","Shared"
"1.66","Lyft","1543540081854","West End","South Station","19.5","1","76930be9-a365-47e2-b4ff-a3784899a9c1","lyft_lux","Lux Black"
"1.66","Lyft","1543303463522","West End","South Station","13.5","1","8e157156-eead-4e40-85a5-2a43b51d58ea","lyft_plus","Lyft XL"
"1.66","Lyft","1543619583597","West End","South Station","16.5","1","dfe0bced-641e-4ea0-855a-5bd4c76e33e4","lyft_premier","Lux"
"2.25","Lyft","1543440188467","Haymarket Square","Back Bay","16.5","1","00ac7cd7-8fc9-40a0-87de-abfb43b0581f","lyft_plus","Lyft XL"
"2.25","Lyft","1543423285779","Haymarket Square","Back Bay","34","1","33a7b13e-afc3-4531-823a-f439c284e282","lyft_luxsuv","Lux Black XL"
"2.25","Lyft","1543245069660","Haymarket Square","Back Bay","19.5","1","5893bc62-9cff-4d2a-b76e-6210f3c63ed5","lyft_premier","Lux"
"2.25","Lyft","1543762979432","Haymarket Square","Back Bay","3.5","1","59d6c512-cb58-487c-b6bc-212c9ba8501f","lyft_line","Shared"
"2.25","Lyft","1543298602188","Haymarket Square","Back Bay","11","1","6bc7eec4-dc21-4d64-b829-7225aa15d038","lyft","Lyft"
"2.25","Lyft","1543478579966","Haymarket Square","Back Bay","26","1","be595414-19cb-4a56-8d01-b131c6e1a7cc","lyft_lux","Lux Black"
"2.88","Lyft","1544931010393","Boston University","West End","16.5","1","3db913b8-1596-423a-943d-8715fe0d90b4","lyft_plus","Lyft XL"
"2.88","Lyft","1544794515195","Boston University","West End","7","1","4a65d179-077f-4f6b-9702-3fc58f7d7b30","lyft_line","Shared"
"2.88","Lyft","1543605786948","Boston University","West End","22.5","1","5d71617e-474b-473b-9b3c-f42df1fc26d8","lyft_lux","Lux Black"
"2.88","Lyft","1545129911865","Boston University","West End","19.5","1","8e1e670d-0cf8-40b5-9ef1-7494852d53e3","lyft_premier","Lux"
"2.88","Lyft","1543721276222","Boston University","West End","32.5","1","9e19eb25-76d6-4345-b23a-23a1b798e275","lyft_luxsuv","Lux Black XL"
"2.88","Lyft","1543454948129","Boston University","West End","10.5","1","e719faa8-5fc8-43c5-a60c-f306f2ab11e6","lyft","Lyft"
"3.42","Lyft","1543428128263","North Station","Boston University","9","1","14c7bf50-bdf1-45d2-b29f-09d234baa42e","lyft_line","Shared"
"3.42","Lyft","1544697307695","North Station","Boston University","30","1","19a61f9b-0dc6-4ddf-97fb-2176116c2722","lyft_lux","Lux Black"
"3.42","Lyft","1543405268068","North Station","Boston University","26","1","3047da17-307a-4665-ace1-510e38df1eb6","lyft_premier","Lux"
"3.42","Lyft","1545045305703","North Station","Boston University","13.5","1","927e957b-bfbe-4bda-be70-a1c9991443d4","lyft","Lyft"
"3.42","Lyft","1543510080528","North Station","Boston University","22.5","1","b65beb8f-6ba1-4dde-834f-fc4ab219d8bf","lyft_plus","Lyft XL"
"3.42","Lyft","1544807403587","North Station","Boston University","42.5","1","c8c4d69e-3bbe-4419-9dc7-9f8e6bf6bfe7","lyft_luxsuv","Lux Black XL"
"1.52","Lyft","1543545783275","Theatre District","North End","13.5","1","4e712b42-a400-4e5e-8868-9d1a2c6ec72d","lyft_plus","Lyft XL"
"1.52","Lyft","1543607881769","Theatre District","North End","13.5","1","5671d495-9ba8-4f3b-88b9-a871175a0caf","lyft_premier","Lux"
"1.52","Lyft","1543713480551","Theatre District","North End","19.5","1","5e3a0f74-9876-47de-ae10-f69cfc333757","lyft_lux","Lux Black"
"1.52","Lyft","1544673604659","Theatre District","North End","9","1","76f6a642-0eda-4998-a3ce-57fdda01c350","lyft","Lyft"
"1.52","Lyft","1543292302074","Theatre District","North End","26","1","9771f1dc-e506-48cb-9736-8ab59e9e64dc","lyft_luxsuv","Lux Black XL"
"1.52","Lyft","1543353862406","Theatre District","North End","5","1","d1f6b32a-494a-4c91-a2f1-246271b4ec8a","lyft_line","Shared"
"4.51","Lyft","1543298422139","Fenway","Financial District","32.5","1","1685cb33-5461-4194-984b-11c90e7cc33a","lyft_lux","Lux Black"
"4.51","Lyft","1543678378430","Fenway","Financial District","9","1","24915498-3815-4bf4-9a68-8028457f9317","lyft_line","Shared"
"4.51","Lyft","1543417687869","Fenway","Financial District","27.5","1","46059875-e8a3-44d6-a146-217c615a9b3f","lyft_premier","Lux"
"4.51","Lyft","1543354762440","Fenway","Financial District","38.5","1","66fb37e5-9ec9-40c5-8c47-74b11118301b","lyft_luxsuv","Lux Black XL"
"4.51","Lyft","1544813110265","Fenway","Financial District","13.5","1","79968253-495c-41eb-bf7a-ff3fa683300f","lyft","Lyft"
"4.51","Lyft","1544672509485","Fenway","Financial District","22.5","1","86e03ab8-fd80-4471-8cef-2f958e34500f","lyft_plus","Lyft XL"
"1.22","Lyft","1543600679338","Beacon Hill","Haymarket Square","27.5","1","476a05ed-50ba-4654-9f0a-e7f31a1370ad","lyft_luxsuv","Lux Black XL"
"1.22","Lyft","1543429928243","Beacon Hill","Haymarket Square","10.5","1","6a435bb7-616a-48b9-b037-d9b8ace0f537","lyft_plus","Lyft XL"
"1.22","Lyft","1544408017356","Beacon Hill","Haymarket Square","3","1","73cdff8e-cd01-457c-bbb6-ee7e55e9fbe2","lyft_line","Shared"
"1.22","Lyft","1545108311036","Beacon Hill","Haymarket Square","16.5","1","a47098ed-18b5-4e3a-8a50-b4bc9dd9e8e9","lyft_lux","Lux Black"
"1.22","Lyft","1543829282034","Beacon Hill","Haymarket Square","13.5","1","bc5a142c-6eed-4786-9f2e-aed04636b408","lyft_premier","Lux"
"1.22","Lyft","1543440187998","Beacon Hill","Haymarket Square","7","1","dedf522e-b87c-4ce5-80f7-2bfb73809257","lyft","Lyft"
"3.47","Lyft","1545115203470","North Station","Boston University","22.5","1","0c5a187f-7cfe-49e9-bfd8-789739ab0046","lyft_premier","Lux"
"3.47","Lyft","1543478578616","North Station","Boston University","26","1","0e9dcb72-aa4a-4b2e-826b-55bd3f2cad14","lyft_lux","Lux Black"
"3.47","Lyft","1543795376032","North Station","Boston University","19.5","1","387eec1f-b69e-4fa4-8e06-ffec5a9da041","lyft_plus","Lyft XL"
"3.47","Lyft","1543829282190","North Station","Boston University","7","1","8cc8c979-bf36-440f-92b4-c66ca356f870","lyft_line","Shared"
"3.47","Lyft","1543413086906","North Station","Boston University","38","1","a06354de-7b9a-4d34-b030-92141cc6bd8e","lyft_luxsuv","Lux Black XL"
"3.47","Lyft","1543453868033","North Station","Boston University","11","1","ca148dce-0759-47a8-9ed6-29aa9b29238f","lyft","Lyft"
"4.09","Lyft","1544850912200","Financial District","Fenway","26","1","070d4a85-8bde-428f-9a78-a3aac5c9d8d7","lyft_premier","Lux"
"4.09","Lyft","1543460168613","Financial District","Fenway","22.5","1","1d122ec6-acdb-42e0-81e3-f2312642a8e0","lyft_plus","Lyft XL"
"4.09","Lyft","1544790914476","Financial District","Fenway","9","1","1f2597b4-dc3f-450f-888e-84afa7c27662","lyft_line","Shared"
"4.09","Lyft","1545027016752","Financial District","Fenway","42.5","1","32fdc30e-0a8b-4a64-a06e-62fcf3c584e3","lyft_luxsuv","Lux Black XL"
"4.09","Lyft","1545011109376","Financial District","Fenway","13.5","1","4445cb9e-fe25-4df2-bd7c-a24ce35130db","lyft","Lyft"
"4.09","Lyft","1544904011486","Financial District","Fenway","34","1","4df06dfd-35bf-4f92-9ec5-39dc24f76446","lyft_lux","Lux Black"
"2.73","Lyft","1543585375869","Beacon Hill","Boston University","7","1","1f88fe8e-1090-4920-99ec-756c1ce14832","lyft_line","Shared"
"2.73","Lyft","1544690705330","Beacon Hill","Boston University","9","1","392bfd08-c340-4019-9e0f-2dcaf858e3f6","lyft","Lyft"
"2.73","Lyft","1544770807377","Beacon Hill","Boston University","13.5","1","6ed3849d-21f7-4c64-b8ab-61cefa4d32b6","lyft_plus","Lyft XL"
"2.73","Lyft","1543538580402","Beacon Hill","Boston University","16.5","1","9e7600bc-04b8-4192-9ce5-98f911b2e82b","lyft_premier","Lux"
"3.19","Lyft","1543319842486","Fenway","Theatre District","27.5","1","43b2716c-c118-4f6c-b085-61e65b29d5ba","lyft_lux","Lux Black"
"3.19","Lyft","1544716205967","Fenway","Theatre District","10.5","1","6e009638-3643-45aa-a799-8f68631c8b08","lyft","Lyft"
"3.19","Lyft","1545074709314","Fenway","Theatre District","22.5","1","aa1be8a2-c691-42ef-81a6-992331f5fd4f","lyft_premier","Lux"
"3.19","Lyft","1543771682059","Fenway","Theatre District","38.5","1","d333a5da-e33c-43b5-b7e6-a881ae11131d","lyft_luxsuv","Lux Black XL"
"3.19","Lyft","1543281516057","Fenway","Theatre District","16.5","1","e719619d-8abd-496e-90ff-c2dbe7a50d54","lyft_plus","Lyft XL"
"3.19","Lyft","1544940311365","Fenway","Theatre District","7","1","e76e040c-d23f-478b-bd5c-8abdb8f85605","lyft_line","Shared"
"0.65","Lyft","1543279419228","Financial District","South Station","3.5","1","5522f7cd-e75f-4368-b47e-6edd7db1cd02","lyft_line","Shared"
"0.65","Lyft","1543461556004","Financial District","South Station","11","1","9df38503-1180-440a-b878-201ccf347fb0","lyft_premier","Lux"
"0.65","Lyft","1543542481932","Financial District","South Station","26","1","b1e317a8-b5c4-4033-96b5-8031deeb8de2","lyft_luxsuv","Lux Black XL"
"0.65","Lyft","1543412185507","Financial District","South Station","7","1","bd87a51e-8ad7-49e8-a8a9-63d42faeb2c9","lyft","Lyft"
"0.65","Lyft","1543894979156","Financial District","South Station","16.5","1","c7c0f8cb-0de5-4bc3-8193-8aa8d07c9cb4","lyft_lux","Lux Black"
"0.65","Lyft","1544671809433","Financial District","South Station","9","1","f8911502-8e78-441a-a56b-9c0097c2f5bf","lyft_plus","Lyft XL"